packet_count,byte_count,packets_per_second,bytes_per_second,publish_count,subscribe_count,connect_count,disconnect_count,unique_topics,average_payload_size,maximum_payload_size,mean_inter_arrival_time,std_inter_arrival_time,connection_rate
21,1475,1.17337811689193,82.41584392455222,14,0,0,0,0,0.0,0.0,8.948522090911865,0.9460229873657227,0.0
54,3794,3.369106549219498,236.710930513681,36,0,0,0,0,0.0,0.0,8.013994097709656,0.01110994815826416,0.0
36,2440,2.843649056494615,192.73621382907945,24,0,1,0,0,0.0,0.0,6.32989501953125,1.6719250679016113,0.07899025156929486
64,3905,5.641060182540266,344.1928127003084,28,3,0,0,1,0.0,0.0,1.6207692963736398,2.845412781558908,0.0
48,3376,2.999342019659081,210.95372204935535,38,0,0,0,0,0.0,0.0,8.001754999160767,0.0004420280456542969,0.0
23,1609,1.4932524391837683,104.46274672376883,10,0,0,0,0,0.0,0.0,15.402620077133179,0.0,0.0
62,4293,3.873997569564052,268.24308977642704,0,0,0,0,0,0.0,0.0,8.00207006931305,1.1086463928222656e-05,0.0
850,56324,53.00142427008314,3512.061435986074,202,0,0,0,0,0.0,0.0,8.018652439117432,0.017821550369262695,0.0
68,4740,4.246763140936808,296.0243718829481,0,0,0,0,0,0.0,0.0,8.006097555160522,0.004344463348388672,0.0
